               epoch,      train/box_loss,      train/obj_loss,      train/cls_loss,   metrics/precision,      metrics/recall,     metrics/mAP_0.5,metrics/mAP_0.5:0.95,        val/box_loss,        val/obj_loss,        val/cls_loss,               x/lr0,               x/lr1,               x/lr2
                   0,             0.15086,              0.0552,            0.011389,             0.20518,             0.15621,            0.095654,            0.028071,             0.13796,              0.0622,           0.0014377,            0.070012,            0.003332,            0.003332
                   1,             0.13236,            0.083082,          0.00085575,             0.35715,             0.21445,             0.19431,            0.069043,             0.13108,            0.073975,          0.00050024,            0.038692,           0.0053456,           0.0053456
                   2,             0.12907,              0.0913,          0.00037165,             0.41717,             0.23883,             0.23488,            0.088908,             0.12895,            0.076566,          0.00034453,           0.0060521,           0.0060392,           0.0060392
                   3,             0.12625,            0.095418,          0.00023978,             0.45542,              0.2557,             0.26347,              0.1086,             0.12675,            0.078663,          0.00019231,             0.00406,             0.00406,             0.00406
                   4,             0.12501,            0.095537,          0.00017715,              0.4766,             0.26359,              0.2772,             0.11575,             0.12598,            0.079678,          0.00017465,             0.00406,             0.00406,             0.00406
